0x807110,Name,Description,ID,Default Class Promoted From/To,Standing Map Anims,Move Speed,Generic Mug,N/A,HP,Atk,Skl,Spd,Def,Res,Con,Mov,HP Cap,Atk Cap,Skl Cap,Spd Cap,Def Cap,Res Cap,Con Cap,Class Relative Power,HP Growth,Atk Growth,Skl Growth,Spd Growth,Def Growth,Res Growth,Luck Growth,HP Promo Gain,Atk Promo Gain,Skl Promo Gain,Spd Promo Gain,Def Promo Gain,Res Promo Gain,CharClassAbility,Sword,Lance,Axe,Bow,Staff,Anima,Light,Dark,Battle Anims,Move Costs,Rain Move Costs,Snow Move Costs,Avo Bonus,Def Bonus,Res Bonus,N/A,Class Type
None,0x0,0x0,0x0,0x0,0x0,0x0,0x0,0x0,0,0,0,0,0,0,0,0,0,0,0,0,0,0,0,0,0,0,0,0,0,0,0,0,0,0,0,0,0,0x1000002,NoRank,NoRank,NoRank,NoRank,NoRank,NoRank,NoRank,NoRank,0x1f,0x0,0x231e143c,0x190f0f,0x0,0x0,0x0,0x0,0x0
Prince,PrinceName,PrinceDescription,0x1,0x3,0x01,0x0,0x8b,0x1,24,7,7,7,5,3,8,5,60,20,20,20,20,20,20,3,0,0,0,0,0,0,0,0,0,0,0,0,0,UnlockEirika,ERank,ERank,NoRank,NoRank,NoRank,NoRank,NoRank,NoRank,PrinceAnims,0x080b808,0x080b808,0x080b808,0x880c479,0x880c4ba,0x880c4fb,0x0,0x0
Huntress,HuntressName,HuntressDescription,0x2,0x4,0x02,0x0,0x8b,0x1,20,6,9,10,2,3,7,5,60,20,20,20,20,20,20,3,0,0,0,0,0,0,0,0,0,0,0,0,0,CanUseLockpick,NoRank,NoRank,NoRank,ERank,NoRank,NoRank,NoRank,NoRank,HuntressAnims,0x080b808,0x080b808,0x080b808,0x880c479,0x880c4ba,0x880c4fb,0x0,0x0
Lord Knight,LordKnightName,LordKnightDescription,0x3,0x1,0x03,0x0,0x8b,0x2,28,9,10,10,7,6,10,7,60,26,26,26,24,24,25,3,0,0,0,0,0,0,0,4,3,3,3,2,3,IsPromoted|UnlockEirika|MountedAid|HasCanto|HorseIcon,CRank,CRank,NoRank,NoRank,NoRank,NoRank,NoRank,NoRank,LordKnightAnims,0x880bad3,0x880bad3,0x880bad3,0x880c479,0x880c4ba,0x880c4fb,0x0,HorseType
Lady Knight,LadyKnightName,LadyKnightDescription,0x4,0x2,0x04,0x0,0x8b,0x2,23,8,12,13,4,5,9,7,60,24,28,28,22,20,25,3,0,0,0,0,0,0,0,4,3,4,3,2,2,IsPromoted|UnlockEirika|MountedAid|HasCanto|HorseIcon|CanUseLockpick,DRank,NoRank,NoRank,CRank,NoRank,NoRank,NoRank,NoRank,LadyKnightAnims,0x080bb55,0x080bb55,0x080bb55,0x880c479,0x880c4ba,0x880c4fb,0x0,HorseType
Lance Cav,LanceCavName,LanceCavDescription,0x5,0x6,0x05,0x0,0x80,0x20,22,3,3,5,3,0,8,6,60,20,20,20,20,20,20,3,75,40,30,30,5,0,0,0,0,0,0,0,0,MountedAid|HasCanto|HorseIcon,NoRank,ERank,NoRank,NoRank,NoRank,NoRank,NoRank,NoRank,LanceCavAnims,0x880bad3,0x880bad3,0x880bad3,0x880c479,0x880c4ba,0x880c4fb,0x0,HorseType
Duke Knight,DukeKnightName,DukeKnightDescription,0x6,0x5,0x06,0x0,0x80,0x20,26,5,5,6,4,2,10,7,60,24,26,24,24,20,25,3,85,50,35,35,10,10,15,3,2,3,2,2,2,MountedAid|HasCanto|HorseIcon|IsPromoted,ERank,DRank,NoRank,NoRank,NoRank,NoRank,NoRank,NoRank,DukeKnightAnims,0x880bad3,0x880bad3,0x880bad3,0x880c479,0x880c4ba,0x880c4fb,0x0,HorseType
Sword Cav,SwordCavName,SwordCavDescription,0x7,0x8,0x07,0x0,0x81,0x21,22,3,3,5,3,0,7,6,60,20,20,20,20,20,20,3,70,35,35,35,5,0,15,0,0,0,0,0,0,MountedAid|HasCanto|HorseIcon,ERank,NoRank,NoRank,NoRank,NoRank,NoRank,NoRank,NoRank,SwordCavAnims,0x880bad3,0x880bad3,0x880bad3,0x880c479,0x880c4ba,0x880c4fb,0x0,HorseType
Forrest Knight,ForrestKnightName,ForrestKnightDescription,0x8,0x7,0x08,0x0,0x81,0x21,26,5,5,6,4,2,9,7,60,24,26,24,24,20,25,3,80,45,40,40,10,10,15,3,2,3,2,2,2,MountedAid|HasCanto|HorseIcon|IsPromoted,DRank,NoRank,NoRank,ERank,NoRank,NoRank,NoRank,NoRank,ForrestKnightAnims,0x880bad3,0x880bad3,0x880bad3,0x880c479,0x880c4ba,0x880c4fb,0x0,HorseType
Axe Cav,AxeCavName,AxeCavDescription,0x9,0xa,0x09,0x0,0x76,0xc,22,3,3,5,3,0,10,6,60,20,20,20,20,20,20,3,80,45,25,25,10,0,15,0,0,0,0,0,0,MountedAid|HasCanto|HorseIcon,NoRank,NoRank,ERank,NoRank,NoRank,NoRank,NoRank,NoRank,AxeCavAnims,0x880bad3,0x880bad3,0x880bad3,0x880c479,0x880c4ba,0x880c4fb,0x0,HorseType
Rook Knight,RookKnightName,RookKnightDescription,0xa,0x9,0x0a,0x1,0x76,0xc,26,5,5,6,4,2,12,7,60,24,26,24,24,20,25,3,90,55,30,30,15,10,15,3,2,3,2,2,2,MountedAid|HasCanto|HorseIcon|IsPromoted,NoRank,ERank,DRank,NoRank,NoRank,NoRank,NoRank,NoRank,RookKnightAnims,0x880bad3,0x880bad3,0x880bad3,0x880c479,0x880c4ba,0x880c4fb,0x0,HorseType
Armor Knight,ArmorKnightName,ArmorKnightDescription,0xb,0xc,0x0b,0x1,0x77,0xd,26,5,4,4,9,0,12,5,60,20,20,20,20,20,20,3,90,50,30,20,25,0,15,0,0,0,0,0,0,0x0,ERank,ERank,ERank,NoRank,NoRank,NoRank,NoRank,NoRank,ArmorKnightAnims,0x080b88a,0x080b88a,0x080b88a,0x880c479,0x880c4ba,0x880c4fb,0x0,ArmorType
General,GeneralName,GeneralDescription,0xc,0xb,0x0c,0x1,0x77,0xd,30,8,7,6,12,0,14,6,60,30,24,24,30,20,25,3,95,60,40,25,35,0,15,6,3,3,2,3,0,IsPromoted,DRank,DRank,DRank,DRank,NoRank,NoRank,NoRank,NoRank,GeneralAnims,0x080b88a,0x080b88a,0x080b88a,0x880c479,0x880c4ba,0x880c4fb,0x0,ArmorType
Soldier,SoldierName,SoldierDescription,0xd,0xe,0x0d,0x0,0x8e,0x7,24,4,4,5,3,0,8,5,60,20,20,20,20,20,20,3,80,45,30,30,10,0,15,0,0,0,0,0,0,0x0,NoRank,ERank,NoRank,NoRank,NoRank,NoRank,NoRank,NoRank,SoldierAnims,0x080b808,0x080b808,0x080b808,0x880c479,0x880c4ba,0x880c4fb,0x0,0x0
Halberdier,HalberdierName,HalberdierDescription,0xe,0xd,0x0e,0x0,0x8f,0x1f,28,7,7,7,5,0,10,6,60,26,26,26,24,20,25,3,85,55,40,40,15,0,15,4,3,3,2,2,0,IsPromoted,NoRank,DRank,DRank,NoRank,NoRank,NoRank,NoRank,NoRank,HalberdierAnims,0x080b808,0x080b808,0x080b808,0x880c479,0x880c4ba,0x880c4fb,0x0,0x0
Deserter,DeserterName,DeserterDescription,0xf,0x10,0x0f,0x0,0x90,0x3,22,3,3,6,2,0,7,5,60,20,20,20,20,20,20,3,70,40,30,35,5,0,10,0,0,0,0,0,0,0x0,NoRank,ERank,NoRank,NoRank,NoRank,NoRank,NoRank,NoRank,DeserterAnims,0x080b808,0x080b808,0x080b808,0x880c479,0x880c4ba,0x880c4fb,0x0,0x0
Skirmisher,SkirmisherName,SkirmisherDescription,0x10,0xf,0x10,0x0,0x90,0x3,26,6,6,8,4,0,9,6,60,24,24,28,22,20,25,3,75,50,40,45,10,0,10,4,2,2,3,2,0,IsPromoted,DRank,DRank,NoRank,NoRank,NoRank,NoRank,NoRank,NoRank,SkirmisherAnims,0x080b808,0x080b808,0x080b808,0x880c479,0x880c4ba,0x880c4fb,0x0,0x0
Mercenary,MercenaryName,MercenaryDescription,0x11,0x12,0x11,0x0,0x91,0x4,22,3,5,5,3,0,7,5,60,20,20,20,20,20,20,3,80,40,35,35,10,0,15,0,0,0,0,0,0,0x0,ERank,NoRank,NoRank,NoRank,NoRank,NoRank,NoRank,NoRank,MercenaryAnims,0x080b808,0x080b808,0x080b808,0x880c479,0x880c4ba,0x880c4fb,0x0,0x0
Champion,ChampionName,ChampionDescription,0x12,0x11,0x12,0x0,0x91,0x4,26,6,8,7,5,0,9,6,60,24,28,28,24,20,25,3,85,50,45,45,15,0,15,4,3,3,2,2,0,IsPromoted,DRank,NoRank,DRank,NoRank,NoRank,NoRank,NoRank,NoRank,ChampionAnims,0x080b808,0x080b808,0x080b808,0x880c479,0x880c4ba,0x880c4fb,0x0,0x0
Myrmidon,MyrmidonName,MyrmidonDescription,0x13,0x14,0x13,0x0,0x72,0x5,20,2,6,7,2,8,6,5,60,20,20,20,20,20,20,3,70,35,35,45,5,15,15,0,0,0,0,0,0,SwordmasterUnlock,ERank,NoRank,NoRank,NoRank,NoRank,NoRank,NoRank,NoRank,MyrmidonAnims,0x080ba10,0x080ba10,0x080ba10,0x880c479,0x880c4ba,0x880c4fb,0x0,0x0
Dread Fighter,DreadFighterName,DreadFighterDescription,0x14,0x13,0x14,0x0,0x72,0x5,24,5,9,9,4,12,8,6,60,22,26,30,22,30,25,3,75,45,45,55,10,30,15,4,2,3,3,2,8,IsPromoted|SwordmasterUnlock,DRank,NoRank,NoRank,NoRank,NoRank,NoRank,NoRank,NoRank,DreadFighterAnims,0x080ba10,0x080ba10,0x080ba10,0x880c479,0x880c4ba,0x880c4fb,0x0,0x0
Thief,ThiefName,ThiefDescription,0x15,0x16,0x15,0x0,0x73,0x6,18,2,4,6,2,0,6,5,60,20,20,20,20,20,20,3,50,25,35,45,5,0,20,0,0,0,0,0,0,CanUseLockpick ,ERank,NoRank,NoRank,NoRank,NoRank,NoRank,NoRank,NoRank,ThiefAnims,0x080b808,0x080b808,0x080b808,0x880c479,0x880c4ba,0x880c4fb,0x0,0x0
Rogue,RogueName,RogueDescription,0x16,0x15,0x16,0x0,0x73,0x6,22,4,7,8,2,0,8,6,60,20,26,30,20,20,25,3,60,35,45,55,10,0,20,2,1,3,3,1,0,CanUseLockpick|IsPromoted,DRank,NoRank,NoRank,NoRank,NoRank,NoRank,NoRank,NoRank,RogueAnims,0x080b808,0x080b808,0x080b808,0x880c479,0x880c4ba,0x880c4fb,0x0,0x0
Fighter,FighterName,FighterDescription,0x17,0x18,0x17,0x0,0x8e,0x8,26,5,3,4,2,0,10,5,60,20,20,20,20,20,20,3,90,50,30,30,10,0,15,0,0,0,0,0,0,0x0,NoRank,NoRank,ERank,NoRank,NoRank,NoRank,NoRank,NoRank,FighterAnims,0x080b808,0x080b808,0x080b808,0x880c479,0x880c4ba,0x880c4fb,0x0,0x0
Warrior,WarriorName,WarriorDescription,0x18,0x17,0x18,0x0,0x8e,0x8,30,8,6,6,4,0,12,6,60,30,24,26,26,20,25,3,95,60,40,40,15,0,15,6,3,2,2,3,0,IsPromoted,NoRank,NoRank,DRank,DRank,NoRank,NoRank,NoRank,NoRank,WarriorAnims,0x080b808,0x080b808,0x080b808,0x880c479,0x880c4ba,0x880c4fb,0x0,0x0
Brigand,BrigandName,BrigandDescription,0x19,0x1b,0x19,0x0,0x78,0xa,24,5,2,5,0,0,10,5,60,20,20,20,20,20,20,3,80,45,25,25,5,0,10,0,0,0,0,0,0,0x0,NoRank,NoRank,ERank,NoRank,NoRank,NoRank,NoRank,NoRank,BrigandAnims,0x080b90c,0x080b90c,0x080b90c,0x880c479,0x880c4ba,0x880c4fb,0x0,0x0
Pirate,PirateName,PirateDescription,0x1a,0x1b,0x1a,0x0,0x78,0xa,24,5,2,5,0,0,10,5,60,20,20,20,20,20,20,3,80,45,25,25,5,0,10,0,0,0,0,0,0,0x0,NoRank,NoRank,ERank,NoRank,NoRank,NoRank,NoRank,NoRank,PirateAnims,0x080b90c,0x080b90c,0x080b90c,0x880c479,0x880c4ba,0x880c4fb,0x0,0x0
Corsair,CorsairName,CorsairDescription,0x1b,0x1a,0x1b,0x0,0x79,0xb,28,8,5,7,2,0,12,6,60,28,22,28,22,20,25,3,85,55,35,35,10,0,10,6,2,2,3,1,0,IsPromoted,DRank,NoRank,DRank,NoRank,NoRank,NoRank,NoRank,NoRank,CorsairAnims,0x080b90c,0x080b90c,0x080b90c,0x880c479,0x880c4ba,0x880c4fb,0x0,0x0
Archer,ArcherName,ArcherDescription,0x1c,0x1d,0x1c,0x0,0x79,0xb,22,5,7,5,3,0,7,5,60,20,20,20,20,20,20,3,70,40,40,30,10,0,15,0,0,0,0,0,0,UseBallista,NoRank,NoRank,NoRank,ERank,NoRank,NoRank,NoRank,NoRank,ArcherAnims,0x080b808,0x080b808,0x080b808,0x880c479,0x880c4ba,0x880c4fb,0x0,0x0
Sniper,SniperName,SniperDescription,0x1d,0x1c,0x1d,0x0,0x97,0xc,26,8,10,7,5,0,9,6,60,26,30,26,22,20,25,3,75,50,50,40,15,0,15,4,3,4,3,2,0,UseBallista|IsPromoted,NoRank,NoRank,NoRank,DRank,NoRank,NoRank,NoRank,NoRank,SniperAnims,0x080b808,0x080b808,0x080b808,0x880c479,0x880c4ba,0x880c4fb,0x0,0x0
Outlaw,OutlawName,OutlawDescription,0x1e,0x1f,0x1e,0x0,0x97,0xc,18,2,6,6,2,0,7,5,60,20,20,20,20,20,20,3,50,25,35,35,5,0,20,0,0,0,0,0,0,UseBallista|CanUseLockpick,NoRank,NoRank,NoRank,ERank,NoRank,NoRank,NoRank,NoRank,OutlawAnims,0x080b808,0x080b808,0x080b808,0x880c479,0x880c4ba,0x880c4fb,0x0,0x0
Highwayman,HighwaymanName,HighwaymanDescription,0x1f,0x1e,0x1f,0x0,0x88,0xd,22,4,9,8,2,0,9,6,60,22,28,28,22,20,25,3,60,35,45,45,10,0,20,2,1,3,3,1,0,UseBallista|CanUseLockpick|IsPromoted,NoRank,NoRank,NoRank,DRank,NoRank,NoRank,NoRank,NoRank,HighwaymanAnims,0x080b808,0x080b808,0x080b808,0x880c479,0x880c4ba,0x880c4fb,0x0,0x0
Mage,MageName,MageDescription,0x20,0x21,0x20,0x0,0x88,0xd,18,0,3,5,2,4,5,5,60,10,20,20,20,20,20,3,70,0,30,30,10,15,15,0,0,0,0,0,0,0x0,NoRank,NoRank,NoRank,NoRank,NoRank,ERank,NoRank,NoRank,MageAnims,0x080ba10,0x080ba10,0x080ba10,0x880c479,0x880c4ba,0x880c4fb,0x0,0x0
Sage,SageName,SageDescription,0x21,0x20,0x21,0x0,0x89,0xe,22,0,5,7,4,8,7,6,60,10,28,26,22,26,25,3,75,0,35,35,15,25,15,3,0,2,2,2,3,IsPromoted,NoRank,NoRank,NoRank,NoRank,ERank,DRank,NoRank,NoRank,SageAnims,0x080ba10,0x080ba10,0x080ba10,0x880c479,0x880c4ba,0x880c4fb,0x0,0x0
Shaman,ShamanName,ShamanDescription,0x22,0x23,0x22,0x1,0x89,0xe,20,0,2,4,4,2,6,5,60,10,20,20,20,20,20,3,80,0,25,25,20,10,10,0,0,0,0,0,0,0x0,NoRank,NoRank,NoRank,NoRank,NoRank,NoRank,NoRank,ERank,ShamanAnims,0x080ba10,0x080ba10,0x080ba10,0x880c479,0x880c4ba,0x880c4fb,0x0,0x0
Sorcerer,SorcererName,SorcererDescription,0x23,0x22,0x23,0x1,0x93,0xf,24,0,4,6,6,6,8,6,60,10,24,24,26,24,25,3,85,0,30,30,25,20,10,4,0,2,2,3,2,IsPromoted,NoRank,NoRank,NoRank,NoRank,ERank,NoRank,NoRank,DRank,SorcererAnims,0x080ba10,0x080ba10,0x080ba10,0x880c479,0x880c4ba,0x880c4fb,0x0,0x0
Monk,MonkName,MonkDescription,0x24,0x25,0x24,0x0,0x93,0xf,16,0,4,6,1,6,4,5,60,10,20,20,20,20,20,3,60,0,40,40,5,40,20,0,0,0,0,0,0,0x0,NoRank,NoRank,NoRank,NoRank,NoRank,NoRank,ERank,NoRank,MonkAnims,0x080ba10,0x080ba10,0x080ba10,0x880c479,0x880c4ba,0x880c4fb,0x0,0x0
Saint,SaintName,SaintDescription,0x25,0x24,0x25,0x0,0x7c,0x12,20,0,6,8,3,10,6,6,60,10,26,28,20,30,25,3,65,0,45,45,10,50,20,2,0,2,2,1,4,IsPromoted,NoRank,NoRank,NoRank,NoRank,DRank,NoRank,DRank,NoRank,SaintAnims,0x080ba10,0x080ba10,0x080ba10,0x880c479,0x880c4ba,0x880c4fb,0x0,0x0
Cleric,ClericName,ClericDescription,0x26,0x28,0x26,0x0,0x7c,0x12,16,0,3,5,1,4,4,5,60,10,20,20,20,20,20,3,50,0,30,30,5,20,20,0,0,0,0,0,0,0x0,NoRank,NoRank,NoRank,NoRank,ERank,NoRank,NoRank,NoRank,ClericAnims,0x080ba10,0x080ba10,0x080ba10,0x880c479,0x880c4ba,0x880c4fb,0x0,0x0
Priest,PriestName,PriestDescription,0x27,0x29,0x27,0x0,0x7d,0x13,16,0,3,5,1,4,4,5,60,10,20,20,20,20,20,3,50,0,30,30,5,20,20,0,0,0,0,0,0,0x0,NoRank,NoRank,NoRank,NoRank,ERank,NoRank,NoRank,NoRank,PriestAnims,0x080ba10,0x080ba10,0x080ba10,0x880c479,0x880c4ba,0x880c4fb,0x0,0x0
Trobairitz,TrobairitzName,TrobairitzDescription,0x28,0x26,0x28,0x0,0x7d,0x13,20,0,5,7,3,8,6,7,60,10,26,24,20,26,25,3,55,0,35,35,10,30,20,2,0,2,2,2,2,HorseIcon|IsPromoted|MountedAid|HasCanto,NoRank,NoRank,NoRank,NoRank,CRank,NoRank,NoRank,NoRank,TrobairitzAnims,0x880bad3,0x880bad3,0x880bad3,0x880c479,0x880c4ba,0x880c4fb,0x0,HorseType
Troubadour ,TroubadourName,TroubadourDescription,0x29,0x27,0x29,0x0,0x95,0x14,20,0,5,7,3,8,6,7,60,10,26,24,20,26,25,3,55,0,35,35,10,30,20,2,0,2,2,2,2,HorseIcon|IsPromoted|MountedAid|HasCanto,NoRank,NoRank,NoRank,NoRank,CRank,NoRank,NoRank,NoRank,TroubadourAnims,0x880bad3,0x880bad3,0x880bad3,0x880c479,0x880c4ba,0x880c4fb,0x0,HorseType
Mage Knight,MageKnightName,MageKnightDescription,0x2a,0x0,0x2a,0x0,0x95,0x14,24,0,6,6,4,6,8,7,60,10,24,24,20,20,25,3,0,0,0,0,0,0,0,0,0,0,0,0,0,HorseIcon|IsPromoted|MountedAid|HasCanto,NoRank,NoRank,NoRank,NoRank,NoRank,DRank,NoRank,NoRank,0x0,0x880bad3,0x880bad3,0x880bad3,0x880c479,0x880c4ba,0x880c4fb,0x0,HorseType
Sword Peg,SwordPegName,SwordPegDescription,0x2b,0x2c,0x2b,0x0,0x7b,0x18,18,3,4,6,2,2,6,6,60,20,20,20,20,20,20,3,60,35,35,40,5,10,15,0,0,0,0,0,0,PegIcon|MountedAid|HasCanto,ERank,NoRank,NoRank,NoRank,NoRank,NoRank,NoRank,NoRank,SwordPegAnims,0x080bb96,0x080bb96,0x080bb96,0x080c53c,0x080c57d,0x080c5be,0x0,FlierType|HorseType
Sword Seraph,SwordSeraphName,SwordSeraphDescription,0x2c,0x2b,0x2c,0x0,0x7b,0x18,22,5,6,7,3,4,8,7,60,22,26,26,22,20,25,3,65,45,40,45,10,20,15,2,2,3,2,2,4,PegIcon|MountedAid|HasCanto|IsPromoted,DRank,NoRank,NoRank,NoRank,NoRank,NoRank,NoRank,NoRank,SwordSeraphAnims,0x080bb96,0x080bb96,0x080bb96,0x080c53c,0x080c57d,0x080c5be,0x0,FlierType|HorseType
Lance Peg,LancePegName,LancePegDescription,0x2d,0x2e,0x2d,0x0,0x7e,0x1b,18,3,4,6,2,2,8,6,60,20,20,20,20,20,20,3,60,35,35,40,5,10,15,0,0,0,0,0,0,PegIcon|MountedAid|HasCanto,NoRank,ERank,NoRank,NoRank,NoRank,NoRank,NoRank,NoRank,LancePegAnims,0x080bb96,0x080bb96,0x080bb96,0x080c53c,0x080c57d,0x080c5be,0x0,FlierType|HorseType
Lance Seraph,LanceSeraphName,LanceSeraphDescription,0x2e,0x2d,0x2e,0x0,0x7e,0x1b,22,5,6,7,3,4,10,7,60,22,26,26,22,20,25,3,65,45,40,45,10,20,15,2,2,3,2,2,4,PegIcon|MountedAid|HasCanto|IsPromoted,NoRank,DRank,NoRank,NoRank,NoRank,NoRank,NoRank,NoRank,LanceSeraphAnims,0x080bb96,0x080bb96,0x080bb96,0x080c53c,0x080c57d,0x080c5be,0x0,FlierType|HorseType
Lance Wyvern,LanceWyvernName,LanceWyvernDescription,0x2f,0x30,0x2f,0x1,0x7f,0x1c,26,4,2,4,7,0,9,6,60,20,20,20,20,20,20,3,80,45,30,25,20,0,10,0,0,0,0,0,0,DragonIcon|MountedAid|HasCanto,NoRank,ERank,NoRank,NoRank,NoRank,NoRank,NoRank,NoRank,LanceWyvernAnims,0x080bb96,0x080bb96,0x080bb96,0x080c53c,0x080c57d,0x080c5be,0x0,FlierType|ArmorType
Lance Dragoon,LanceDragoonName,LanceDragoonDescription,0x30,0x2f,0x30,0x1,0x7f,0x1c,30,6,4,5,9,0,11,7,60,26,22,22,26,20,25,3,90,55,35,30,25,0,10,4,2,2,2,3,0,DragonIcon|MountedAid|HasCanto|IsPromoted,NoRank,DRank,NoRank,NoRank,NoRank,NoRank,NoRank,NoRank,LanceDragoonAnims,0x080bb96,0x080bb96,0x080bb96,0x080c53c,0x080c57d,0x080c5be,0x0,FlierType|ArmorType
Axe Wyvern,AxeWyvernName,AxeWyvernDescription,0x31,0x32,0x31,0x1,0x7f,0x1d,26,4,2,4,7,0,11,6,60,20,20,20,20,20,20,3,80,45,30,25,20,0,10,0,0,0,0,0,0,DragonIcon|MountedAid|HasCanto,NoRank,NoRank,ERank,NoRank,NoRank,NoRank,NoRank,NoRank,AxeWyvernAnims,0x080bb96,0x080bb96,0x080bb96,0x080c53c,0x080c57d,0x080c5be,0x0,FlierType|ArmorType
Axe Dragoon,AxeDragoonName,AxeDragoonDescription,0x32,0x31,0x32,0x1,0x7f,0x1d,30,6,4,5,9,0,13,7,60,26,22,22,26,20,25,3,90,55,35,30,25,0,10,4,2,2,2,3,0,DragonIcon|MountedAid|HasCanto|IsPromoted,NoRank,NoRank,DRank,NoRank,NoRank,NoRank,NoRank,NoRank,AxeDragoonAnims,0x080bb96,0x080bb96,0x080bb96,0x080c53c,0x080c57d,0x080c5be,0x0,FlierType|ArmorType
Hunting Dog,HuntingDogName,HuntingDogDescription,0x33,0x34,0x33,0x0,0x94,0x9,18,3,6,9,5,0,3,6,60,20,20,20,20,20,20,3,70,40,50,50,15,0,30,0,0,0,0,0,0,HasCanto|CanUseLockpick,NoRank,NoRank,NoRank,NoRank,NoRank,NoRank,NoRank,NoRank,HuntingDogAnims,0x080bb55,0x080bb55,0x080bb55,0x880c479,0x880c4ba,0x880c4fb,0x0,HorseType
War Dog,WarDogName,WarDogDescription,0x34,0x33,0x34,0x0,0xa6,0x0,22,6,8,12,7,0,5,7,60,22,30,30,20,20,25,3,70,40,50,50,15,0,30,4,3,2,3,2,0,HasCanto|IsPromoted|CanUseLockpick,NoRank,NoRank,NoRank,NoRank,NoRank,NoRank,NoRank,NoRank,WarDogAnims,0x080bb55,0x080bb55,0x080bb55,0x880c479,0x880c4ba,0x880c4fb,0x0,HorseType
Mercenary (F),MercenaryName,MercenaryDescription,0x35,0x36,0x35,0x0,0x96,0x22,22,3,5,5,3,0,7,5,60,20,20,20,20,20,20,3,80,40,35,35,10,0,15,0,0,0,0,0,0,0x0,ERank,NoRank,NoRank,NoRank,NoRank,NoRank,NoRank,NoRank,FMercenaryAnims,0x080b808,0x080b808,0x080b808,0x880c479,0x880c4ba,0x880c4fb,0x0,0x0
Champion (F),ChampionName,ChampionDescription,0x36,0x35,0x36,0x0,0x96,0x22,26,6,8,7,5,0,9,6,60,24,28,28,24,20,25,3,85,50,45,45,15,0,15,4,3,3,2,2,0,IsPromoted,DRank,NoRank,DRank,NoRank,NoRank,NoRank,NoRank,NoRank,FChampionAnims,0x080b808,0x080b808,0x080b808,0x880c479,0x880c4ba,0x880c4fb,0x0,0x0
Myrmidon (F),MyrmidonName,MyrmidonDescription,0x37,0x38,0x37,0x0,0x8a,0x28,20,2,6,7,2,8,6,5,60,20,20,20,20,20,20,3,70,35,35,45,5,15,15,0,0,0,0,0,0,SwordmasterUnlock,ERank,NoRank,NoRank,NoRank,NoRank,NoRank,NoRank,NoRank,FMyrmidonAnims,0x080ba10,0x080ba10,0x080ba10,0x880c479,0x880c4ba,0x880c4fb,0x0,0x0
Dread Fighter (F),DreadFighterName,DreadFighterDescription,0x38,0x37,0x38,0x0,0x74,0x27,24,5,9,9,4,12,8,6,60,22,26,30,22,30,25,3,75,45,45,55,10,30,15,4,2,3,3,2,8,IsPromoted|SwordmasterUnlock,DRank,NoRank,NoRank,NoRank,NoRank,NoRank,NoRank,NoRank,FDreadFighterAnims,0x080ba10,0x080ba10,0x080ba10,0x880c479,0x880c4ba,0x880c4fb,0x0,0x0
Fighter (F),FighterName,FighterDescription,0x39,0x3a,0x39,0x0,0x7c,0x29,26,5,3,4,2,0,10,5,60,20,20,20,20,20,20,3,90,50,30,30,10,0,15,0,0,0,0,0,0,0x0,NoRank,NoRank,ERank,NoRank,NoRank,NoRank,NoRank,NoRank,FFighterAnims,0x080b808,0x080b808,0x080b808,0x880c479,0x880c4ba,0x880c4fb,0x0,0x0
Warrior (F),WarriorName,WarriorDescription,0x3a,0x39,0x3a,0x0,0x8a,0x28,30,8,6,6,4,0,12,6,60,30,24,26,26,20,25,3,95,60,40,40,15,0,15,6,3,2,2,3,0,IsPromoted,NoRank,NoRank,DRank,DRank,NoRank,NoRank,NoRank,NoRank,FWarriorAnims,0x080b808,0x080b808,0x080b808,0x880c479,0x880c4ba,0x880c4fb,0x0,0x0
Archer (F),ArcherName,ArcherDescription,0x3b,0x3c,0x3b,0x0,0xa9,0x1f,22,5,7,5,3,0,7,5,60,20,20,20,20,20,20,3,70,40,40,30,10,0,15,0,0,0,0,0,0,UseBallista,NoRank,NoRank,NoRank,ERank,NoRank,NoRank,NoRank,NoRank,FArcherAnims,0x080b808,0x080b808,0x080b808,0x880c479,0x880c4ba,0x880c4fb,0x0,0x0
Sniper (F),SniperName,SniperDescription,0x3c,0x3b,0x3c,0x0,0x8f,0x1f,26,8,10,7,5,0,9,6,60,26,30,26,22,20,25,3,75,50,50,40,15,0,15,4,3,4,3,2,0,UseBallista|IsPromoted,NoRank,NoRank,NoRank,DRank,NoRank,NoRank,NoRank,NoRank,FSniperAnims,0x080b808,0x080b808,0x080b808,0x880c479,0x880c4ba,0x880c4fb,0x0,0x0
Thief (F),ThiefName,ThiefDescription,0x3d,0x3e,0x3d,0x0,0x74,0x27,18,2,4,6,2,0,6,5,60,20,20,20,20,20,20,3,50,25,35,45,5,0,20,0,0,0,0,0,0,CanUseLockpick ,ERank,NoRank,NoRank,NoRank,NoRank,NoRank,NoRank,NoRank,FThiefAnims,0x080b808,0x080b808,0x080b808,0x880c479,0x880c4ba,0x880c4fb,0x0,0x0
Rogue (F),RogueName,RogueDescription,0x3e,0x3d,0x3e,0x0,0x7c,0x29,22,4,7,8,2,0,8,6,60,20,26,30,20,20,25,3,60,35,45,55,10,0,20,2,1,3,3,1,0,CanUseLockpick|IsPromoted,DRank,NoRank,NoRank,NoRank,NoRank,NoRank,NoRank,NoRank,FRogueAnims,0x080b808,0x080b808,0x080b808,0x880c479,0x880c4ba,0x880c4fb,0x0,0x0
Outlaw (F),OutlawName,OutlawDescription,0x3f,0x40,0x3f,0x0,0x74,0x23,18,2,6,6,2,0,7,5,60,20,20,20,20,20,20,3,50,25,35,45,5,0,20,0,0,0,0,0,0,UseBallista|CanUseLockpick,NoRank,NoRank,NoRank,ERank,NoRank,NoRank,NoRank,NoRank,FOutlawAnims,0x080b808,0x080b808,0x080b808,0x880c479,0x880c4ba,0x880c4fb,0x0,0x0
Highwayman (F),HighwaymanName,HighwaymanDescription,0x40,0x3f,0x40,0x0,0x75,0x25,22,4,9,8,2,0,9,6,60,22,28,28,20,20,25,3,60,35,45,55,10,0,20,2,1,3,3,1,0,UseBallista|CanUseLockpick|IsPromoted,NoRank,NoRank,NoRank,DRank,NoRank,NoRank,NoRank,NoRank,FHighwaymanAnims,0x080b808,0x080b808,0x080b808,0x880c479,0x880c4ba,0x880c4fb,0x0,0x0
Mage (F),MageName,MageDescription,0x41,0x42,0x41,0x0,0x8b,0x0,18,0,3,5,2,4,5,5,60,10,20,20,20,20,20,3,70,0,30,30,10,15,15,0,0,0,0,0,0,0x0,NoRank,NoRank,NoRank,NoRank,NoRank,ERank,NoRank,NoRank,FMageAnims,0x080ba10,0x080ba10,0x080ba10,0x880c479,0x880c4ba,0x880c4fb,0x0,0x0
Sage (F),SageName,SageDescription,0x42,0x41,0x42,0x0,0x8c,0x24,22,0,5,7,4,8,7,6,60,10,28,26,22,26,25,3,75,0,35,35,15,25,15,3,0,2,2,2,3,IsPromoted,NoRank,NoRank,NoRank,NoRank,ERank,DRank,NoRank,NoRank,FSageAnims,0x080ba10,0x080ba10,0x080ba10,0x880c479,0x880c4ba,0x880c4fb,0x0,0x0
Shaman (F),ShamanName,ShamanDescription,0x43,0x44,0x43,0x1,0x8d,0x26,20,0,2,4,4,2,6,5,60,10,20,20,20,20,20,3,80,0,25,25,20,10,10,0,0,0,0,0,0,0x0,NoRank,NoRank,NoRank,NoRank,NoRank,NoRank,NoRank,ERank,FShamanAnims,0x080ba10,0x080ba10,0x080ba10,0x880c479,0x880c4ba,0x880c4fb,0x0,0x0
Sorcerer (F),SorcererName,SorcererDescription,0x44,0x43,0x44,0x1,0x7a,0x17,24,0,4,6,6,6,8,6,60,10,24,24,26,24,25,3,85,0,30,30,25,20,10,4,0,2,2,3,2,IsPromoted,NoRank,NoRank,NoRank,NoRank,ERank,NoRank,NoRank,DRank,FSorcererAnims,0x080ba10,0x080ba10,0x080ba10,0x880c479,0x880c4ba,0x880c4fb,0x0,0x0
Empty,0x2e6,0x330,0x45,0x27,0x37,0x0,0x7a,0x15,18,0,1,2,1,5,5,5,60,20,20,20,20,20,20,2,50,30,35,32,8,50,45,0,0,0,0,0,0,0x0,NoRank,NoRank,NoRank,NoRank,DRank,NoRank,NoRank,NoRank,0x88af4c4,0x880ba10,0x880be61,0x880c271,0x880c479,0x880c4ba,0x880c4fb,0x0,0x0
Empty,0x2e5,0x331,0x46,0x0,0x38,0x0,0x8b,0x0,14,1,2,7,1,0,6,5,60,10,10,30,24,26,20,2,45,45,30,60,0,13,70,0,0,0,0,0,0,0x0,NoRank,NoRank,NoRank,NoRank,NoRank,NoRank,NoRank,NoRank,0x0,0x880b849,0x880bc9a,0x880c0aa,0x880c479,0x880c4ba,0x880c4fb,0x0,0x0
Empty,0x2da,0x332,0x47,0x0,0x2c,0x0,0x8a,0x28,13,3,0,1,0,1,6,4,60,20,20,20,20,20,20,1,75,45,40,40,25,35,40,0,0,0,0,0,0,TraineeLevelCap,NoRank,ERank,NoRank,NoRank,NoRank,NoRank,NoRank,NoRank,0x88af4d0,0x880b849,0x880bc9a,0x880c0aa,0x880c479,0x880c4ba,0x880c4fb,0x0,0x0
Empty,0x2e7,0x333,0x48,0x49,0x39,0x0,0x86,0x10,14,4,5,5,3,2,5,7,60,20,20,20,20,20,25,3,65,35,40,40,12,35,35,0,0,0,0,0,0,MountedAid|HasCanto|PegIcon,NoRank,DRank,NoRank,NoRank,NoRank,NoRank,NoRank,NoRank,0x88af4dc,0x880bb96,0x880bfe7,0x880c3f7,0x880c53c,0x880c57d,0x880c5be,0x0,FlierType
Empty,0x2e8,0x334,0x49,0x48,0x3a,0x0,0x87,0x11,20,6,7,7,5,4,6,8,60,23,25,28,23,26,25,3,60,30,30,30,12,30,30,5,2,0,2,2,2,MountedAid|HasCanto|PegIcon|IsPromoted,ERank,CRank,NoRank,NoRank,NoRank,NoRank,NoRank,NoRank,0x88af4e8,0x880bb96,0x880bfe7,0x880c3f7,0x880c53c,0x880c57d,0x880c5be,0x0,FlierType
Empty,0x2e9,0x335,0x4a,0x2c,0x3b,0x0,0x7a,0x16,16,1,2,2,0,6,4,5,60,20,20,20,20,20,20,2,50,30,35,32,8,50,45,0,0,0,0,0,0,0x0,NoRank,NoRank,NoRank,NoRank,DRank,NoRank,NoRank,NoRank,0x88af4f8,0x880ba10,0x880be61,0x880c271,0x880c479,0x880c4ba,0x880c4fb,0x0,0x0
Empty,0x2ea,0x336,0x4b,0x4c,0x3c,0x0,0x82,0x19,15,1,1,3,2,5,5,6,60,20,20,20,20,20,25,2,50,25,35,55,12,40,45,0,0,0,0,0,0,MountedAid|HasCanto|HorseIcon,NoRank,NoRank,NoRank,NoRank,DRank,NoRank,NoRank,NoRank,0x88af504,0x880ba92,0x880bee3,0x880c2f3,0x880c479,0x880c4ba,0x880c4fb,0x0,HorseType
Empty,0x2eb,0x337,0x4c,0x4b,0x3d,0x0,0x83,0x1a,19,4,3,5,4,8,6,7,60,25,24,25,24,28,25,3,45,35,25,45,10,40,40,3,2,1,0,2,3,MountedAid|HasCanto|HorseIcon|IsPromoted,NoRank,NoRank,NoRank,NoRank,DRank,NoRank,DRank,NoRank,0x88af510,0x880bad3,0x880bf24,0x880c334,0x880c479,0x880c4ba,0x880c4fb,0x0,HorseType
Empty,0x2ec,0x338,0x4d,0x0,0x3e,0x0,0x8b,0x2a,14,1,2,7,0,1,4,5,60,10,10,30,24,26,20,2,45,45,30,60,0,13,70,0,0,0,0,0,0,CanDance,NoRank,NoRank,NoRank,NoRank,NoRank,NoRank,NoRank,NoRank,0x88af528,0x880b849,0x880bc9a,0x880c0aa,0x880c479,0x880c4ba,0x880c4fb,0x0,0x0
Empty,0x2ed,0x339,0x4e,0x0,0x3f,0x0,0x8a,0x0,20,3,0,1,0,0,6,5,60,20,20,20,20,20,20,2,80,50,30,20,12,15,25,0,0,0,0,0,0,0x0,NoRank,ERank,NoRank,NoRank,NoRank,NoRank,NoRank,NoRank,0x88af53c,0x880b849,0x880bc9a,0x880c0aa,0x880c479,0x880c4ba,0x880c4fb,0x0,0x0
Empty,0x2ef,0x33b,0x4f,0x2d,0x40,0x0,0x7f,0x2b,18,9,4,5,3,8,7,6,80,30,25,25,30,30,25,3,45,55,30,25,10,35,20,0,0,0,0,0,0,IsPromoted|Summoning,NoRank,NoRank,NoRank,NoRank,SRank,NoRank,NoRank,SRank,0x88af548,0x880ba10,0x880be61,0x880c271,0x880c479,0x880c4ba,0x880c4fb,0x0,0x0
Empty,0x2f0,0x33c,0x50,0x0,0x41,0x0,0x92,0x0,19,1,1,2,5,0,25,3,60,20,20,20,30,20,25,3,75,35,40,32,15,15,15,0,0,0,0,0,0,0x0,NoRank,NoRank,NoRank,CRank,NoRank,NoRank,NoRank,NoRank,0x0,0x880b98e,0x880bddf,0x880c1ef,0x880c479,0x880c4ba,0x880c4fb,0x0,0x0
Empty,0x2f1,0x33d,0x51,0x0,0x42,0x0,0x98,0x1e,1,5,2,4,0,0,11,5,1,20,20,20,0,0,20,3,0,55,35,45,15,15,50,0,0,0,0,0,0,0x0,NoRank,NoRank,CRank,NoRank,NoRank,NoRank,NoRank,NoRank,0x0,0x880bb96,0x880bfe7,0x880c3f7,0x880c53c,0x880c57d,0x880c5be,0x0,0x0
Empty,0x2f2,0x33e,0x52,0x53,0x43,0x0,0x99,0x0,25,2,0,0,0,0,6,4,60,20,20,20,20,20,20,3,95,50,30,20,10,13,10,0,0,0,0,0,0,UseMonsterWeapons,NoRank,NoRank,NoRank,NoRank,NoRank,NoRank,NoRank,NoRank,0x88af560,0x880b849,0x880bc9a,0x880c0aa,0x880c479,0x880c4ba,0x880c4fb,0x0,MonsterType
Empty,0x2f3,0x33f,0x53,0x52,0x44,0x0,0x9a,0x0,35,3,0,1,0,0,6,5,80,25,22,21,24,22,25,1,85,40,25,17,10,13,50,0,0,0,0,0,0,UseMonsterWeapons|IsPromoted,NoRank,NoRank,NoRank,NoRank,NoRank,NoRank,NoRank,NoRank,0x88af56c,0x880b849,0x880bc9a,0x880c0aa,0x880c479,0x880c4ba,0x880c4fb,0x0,MonsterType
Empty,0x2f4,0x340,0x54,0x56,0x45,0x0,0x9b,0x0,20,4,2,3,3,0,7,5,60,20,20,20,20,20,20,3,80,50,30,20,12,15,10,0,0,0,0,0,0,SwordmasterUnlock,CRank,CRank,NoRank,NoRank,NoRank,NoRank,NoRank,NoRank,0x88af578,0x880b849,0x880bc9a,0x880c0aa,0x880c479,0x880c4ba,0x880c4fb,0x0,MonsterType
Empty,0x2f4,0x340,0x55,0x57,0x46,0x0,0x9b,0x0,18,4,3,2,3,0,6,5,60,20,20,20,20,20,20,3,70,35,40,32,15,15,10,0,0,0,0,0,0,0x0,NoRank,NoRank,NoRank,CRank,NoRank,NoRank,NoRank,NoRank,0x88af588,0x880b849,0x880bc9a,0x880c0aa,0x880c479,0x880c4ba,0x880c4fb,0x0,MonsterType
Empty,0x2f5,0x341,0x56,0x54,0x47,0x0,0x9c,0x0,21,7,5,6,5,2,9,6,60,24,28,26,22,23,25,3,65,25,25,20,15,22,10,0,0,0,0,0,0,SwordmasterUnlock|IsPromoted,ARank,ARank,NoRank,NoRank,NoRank,NoRank,NoRank,NoRank,0x88af594,0x880b849,0x880bc9a,0x880c0aa,0x880c479,0x880c4ba,0x880c4fb,0x0,MonsterType
Empty,0x2f5,0x341,0x57,0x55,0x48,0x0,0x9c,0x0,21,6,6,5,5,2,8,6,60,25,30,28,25,23,20,3,65,30,30,20,15,20,10,0,0,0,0,0,0,IsPromoted,NoRank,NoRank,NoRank,ARank,NoRank,NoRank,NoRank,NoRank,0x88af5a4,0x880b849,0x880bc9a,0x880c0aa,0x880c479,0x880c4ba,0x880c4fb,0x0,MonsterType
Empty,0x2f6,0x342,0x58,0x59,0x49,0x0,0x9d,0x0,25,6,3,3,6,1,12,5,60,30,28,26,26,22,25,3,82,50,30,20,18,13,15,0,0,0,0,0,0,UseMonsterWeapons,NoRank,NoRank,NoRank,NoRank,NoRank,NoRank,NoRank,NoRank,0x88af5b0,0x880b94d,0x880bd9e,0x880c1ae,0x880c479,0x880c4ba,0x880c4fb,0x0,MonsterType
Empty,0x2f7,0x343,0x59,0x58,0x4a,0x0,0x9e,0x0,36,8,5,5,9,4,15,6,80,30,28,26,26,22,25,3,85,45,25,20,21,17,10,0,0,0,0,0,0,UseMonsterWeapons|IsPromoted,NoRank,NoRank,NoRank,NoRank,NoRank,NoRank,NoRank,NoRank,0x88af5bc,0x880b94d,0x880bd9e,0x880c1ae,0x880c479,0x880c4ba,0x880c4fb,0x0,MonsterType
Empty,0x2f8,0x344,0x5a,0x9,0x4b,0x0,0x9f,0x0,40,8,5,6,13,0,16,5,80,29,29,28,30,25,25,3,95,30,35,25,24,25,10,0,0,0,0,0,0,IsPromoted,NoRank,NoRank,ARank,NoRank,NoRank,NoRank,NoRank,NoRank,0x88af5c8,0x880b8cb,0x880bd1c,0x880c12c,0x880c479,0x880c4ba,0x880c4fb,0x0,MonsterType
Empty,0x2f9,0x345,0x5b,0x5c,0x4c,0x0,0xa0,0x0,16,4,10,10,2,0,6,7,60,20,20,20,20,20,20,3,70,35,45,45,15,20,30,0,0,0,0,0,0,UseMonsterWeapons,NoRank,NoRank,NoRank,NoRank,NoRank,NoRank,NoRank,NoRank,0x88af5e0,0x880bb14,0x880bf65,0x880c375,0x880c479,0x880c4ba,0x880c4fb,0x0,MonsterType
Empty,0x2fa,0x346,0x5c,0x5b,0x4d,0x0,0xa1,0x0,21,6,12,12,5,2,8,8,60,24,29,30,22,23,20,3,65,28,35,35,16,22,25,0,0,0,0,0,0,UseMonsterWeapons|IsPromoted,NoRank,NoRank,NoRank,NoRank,NoRank,NoRank,NoRank,NoRank,0x88af5ec,0x880bb55,0x880bfa6,0x880c3b6,0x880c479,0x880c4ba,0x880c4fb,0x0,MonsterType
Empty,0x2fb,0x347,0x5d,0x5e,0x4e,0x0,0xa2,0x0,21,6,2,5,7,0,10,7,60,20,20,20,20,20,20,3,80,35,40,28,15,15,10,0,0,0,0,0,0,0x0,NoRank,NoRank,CRank,NoRank,NoRank,NoRank,NoRank,NoRank,0x88af5f8,0x880bb14,0x880bf65,0x880c375,0x880c479,0x880c4ba,0x880c4fb,0x0,MonsterType
Empty,0x2fc,0x348,0x5e,0x5d,0x4f,0x0,0xa3,0x0,25,8,4,7,9,3,12,8,80,25,26,24,25,25,25,3,75,30,30,18,13,20,10,0,0,0,0,0,0,IsPromoted,NoRank,NoRank,ARank,ARank,NoRank,NoRank,NoRank,NoRank,0x88af610,0x880bb55,0x880bfa6,0x880c3b6,0x880c479,0x880c4ba,0x880c4fb,0x0,MonsterType
Empty,0x2fd,0x349,0x5f,0x60,0x50,0x0,0xa4,0x0,15,2,1,2,2,4,4,5,60,20,20,20,20,20,20,3,50,45,32,30,10,28,30,0,0,0,0,0,0,UseMonsterWeapons,NoRank,NoRank,NoRank,NoRank,NoRank,NoRank,NoRank,CRank,0x88af62c,0x880bb96,0x880bfe7,0x880c3f7,0x880c53c,0x880c57d,0x880c5be,0x0,MonsterType
Empty,0x2fe,0x34a,0x60,0x5f,0x51,0x0,0xa5,0x0,17,6,3,3,3,7,5,6,60,29,26,26,20,29,20,3,45,55,30,25,10,28,20,0,0,0,0,0,0,UseMonsterWeapons|IsPromoted,NoRank,NoRank,NoRank,NoRank,NoRank,NoRank,NoRank,ARank,0x88af640,0x880bb96,0x880bfe7,0x880c3f7,0x880c53c,0x880c57d,0x880c5be,0x0,MonsterType
Empty,0x2ff,0x34b,0x61,0x5f,0x52,0x0,0xa6,0x0,19,8,3,4,5,7,11,6,60,29,26,26,21,28,25,3,45,60,30,25,10,40,30,0,0,0,0,0,0,UseMonsterWeapons|IsPromoted,NoRank,NoRank,NoRank,NoRank,NoRank,NoRank,NoRank,ARank,0x88af654,0x880ba10,0x880be61,0x880c271,0x880c479,0x880c4ba,0x880c4fb,0x0,MonsterType
GORGON EGG,0x300,0x34c,0x62,0x0,0x53,0x0,0xa6,0x0,50,0,0,0,10,10,6,0,60,30,30,30,30,30,30,3,100,0,0,0,0,0,0,0,0,0,0,0,0,0x0,NoRank,NoRank,NoRank,NoRank,NoRank,NoRank,NoRank,NoRank,0x0,0x0,0x0,0x0,0x880c479,0x880c4ba,0x880c4fb,0x0,MonsterType
Empty,0x301,0x34d,0x63,0x64,0x54,0x0,0xa7,0x0,19,6,3,6,6,0,8,6,60,20,20,20,20,20,20,3,80,45,35,35,25,15,10,0,0,0,0,0,0,0x0,NoRank,CRank,NoRank,NoRank,NoRank,NoRank,NoRank,NoRank,0x88af668,0x880bb96,0x880bfe7,0x880c3f7,0x880c53c,0x880c57d,0x880c5be,0x0,MonsterType
Empty,0x302,0x34e,0x64,0x63,0x55,0x0,0xa8,0x0,23,8,5,8,9,1,11,7,60,27,25,23,28,22,25,3,75,40,30,25,20,17,10,0,0,0,0,0,0,IsPromoted,NoRank,ARank,NoRank,NoRank,NoRank,NoRank,NoRank,NoRank,0x88af674,0x880bb96,0x880bfe7,0x880c3f7,0x880c53c,0x880c57d,0x880c5be,0x0,MonsterType
Empty,0x303,0x34f,0x65,0x1f,0x56,0x0,0xa9,0x0,53,1,0,1,0,3,25,5,100,50,50,50,50,50,25,3,85,35,20,20,30,10,25,0,0,0,0,0,0,UseMonsterWeapons|IsPromoted,NoRank,NoRank,NoRank,NoRank,NoRank,NoRank,NoRank,NoRank,0x88af680,0x880bb96,0x880bfe7,0x880c3f7,0x880c53c,0x880c57d,0x880c5be,0x0,MonsterType
Empty,0x304,0x350,0x66,0x1f,0x57,0x0,0xaa,0x0,120,23,20,18,25,25,25,2,120,50,50,50,50,50,25,5,95,40,30,20,20,20,25,0,0,0,0,0,0,UseMonsterWeapons|IsPromoted,NoRank,NoRank,NoRank,NoRank,NoRank,NoRank,NoRank,NoRank,0x88af68c,0x880bbd7,0x880bbd7,0x880bbd7,0x880c479,0x880c4ba,0x880c4fb,0x0,MonsterType
Archer on Ballista,0x0,0x0,0x67,0x0,0x58,0x0,0x0,0x0,0,0,0,0,0,0,0,0,0,0,0,0,0,0,0,3,0,0,0,0,0,10,0,0,0,0,0,0,0,0x0,NoRank,NoRank,NoRank,NoRank,NoRank,NoRank,NoRank,NoRank,0x0,0x0,0x0,0x0,0x880c479,0x880c4ba,0x880c4fb,0x0,0x0
Archer on Iron Ballista,0x0,0x0,0x68,0x0,0x59,0x0,0x0,0x0,0,0,0,0,0,0,0,0,0,0,0,0,0,0,0,0,0,0,0,0,0,0,0,0,0,0,0,0,0,0x0,NoRank,NoRank,NoRank,NoRank,NoRank,NoRank,NoRank,NoRank,0x0,0x0,0x0,0x0,0x880c479,0x880c4ba,0x880c4fb,0x0,0x0
Archer on Killer Ballista,0x0,0x0,0x69,0x0,0x5a,0x0,0x0,0x0,0,0,0,0,0,0,0,0,0,0,0,0,0,0,0,0,0,0,0,0,0,0,0,0,0,0,0,0,0,0x0,NoRank,NoRank,NoRank,NoRank,NoRank,NoRank,NoRank,NoRank,0x0,0x0,0x0,0x0,0x880c479,0x880c4ba,0x880c4fb,0x0,0x0
Ballista,0x0,0x0,0x6a,0x0,0x5b,0x0,0x0,0x0,0,0,0,0,0,0,0,0,0,0,0,0,0,0,0,0,0,0,0,0,0,0,0,0,0,0,0,0,0,0x0,NoRank,NoRank,NoRank,NoRank,NoRank,NoRank,NoRank,NoRank,0x0,0x0,0x0,0x0,0x880c479,0x880c4ba,0x880c4fb,0x0,0x0
Iron Ballista,0x0,0x0,0x6b,0x0,0x5c,0x0,0x0,0x0,0,0,0,0,0,0,0,0,0,0,0,0,0,0,0,0,0,0,0,0,0,0,0,0,0,0,0,0,0,0x0,NoRank,NoRank,NoRank,NoRank,NoRank,NoRank,NoRank,NoRank,0x0,0x0,0x0,0x0,0x880c479,0x880c4ba,0x880c4fb,0x0,0x0
Killer Ballista,0x0,0x0,0x6c,0x0,0x5d,0x0,0x0,0x0,0,0,0,0,0,0,0,0,0,0,0,0,0,0,0,0,0,0,0,0,0,0,0,0,0,0,0,0,0,0x0,NoRank,NoRank,NoRank,NoRank,NoRank,NoRank,NoRank,NoRank,0x0,0x0,0x0,0x0,0x880c479,0x880c4ba,0x880c4fb,0x0,0x0
Civilian,0x305,0x351,0x6d,0x0,0x5e,0x1,0x5e,0x0,8,1,0,0,0,0,4,5,60,20,20,20,20,20,20,1,10,0,0,0,0,10,0,0,0,0,0,0,0,0x0,NoRank,NoRank,NoRank,NoRank,NoRank,NoRank,NoRank,NoRank,0x0,0x880ba51,0x880bea2,0x880c2b2,0x880c479,0x880c4ba,0x880c4fb,0x0,0x0
Civilian (F),0x305,0x351,0x6e,0x0,0x5f,0x1,0x63,0x0,7,0,0,0,0,1,3,5,60,20,20,20,20,20,20,1,10,0,0,0,0,10,0,0,0,0,0,0,0,0x0,NoRank,NoRank,NoRank,NoRank,NoRank,NoRank,NoRank,NoRank,0x0,0x880ba51,0x880bea2,0x880c2b2,0x880c479,0x880c4ba,0x880c4fb,0x0,0x0
Civilian,0x305,0x351,0x6f,0x0,0x60,0x1,0x59,0x0,10,0,1,0,0,2,6,5,60,20,20,20,20,20,20,1,10,0,0,0,0,10,0,0,0,0,0,0,0,0x0,NoRank,NoRank,NoRank,NoRank,NoRank,NoRank,NoRank,NoRank,0x0,0x880ba51,0x880bea2,0x880c2b2,0x880c479,0x880c4ba,0x880c4fb,0x0,0x0
Civilian (F),0x305,0x351,0x70,0x0,0x61,0x1,0x62,0x0,9,0,1,0,0,1,4,5,60,20,20,20,20,20,20,1,10,0,0,0,0,10,0,0,0,0,0,0,0,0x0,NoRank,NoRank,NoRank,NoRank,NoRank,NoRank,NoRank,NoRank,0x0,0x880ba51,0x880bea2,0x880c2b2,0x880c479,0x880c4ba,0x880c4fb,0x0,0x0
Civilian,0x305,0x351,0x71,0x0,0x60,0x1,0x5c,0x0,12,3,0,0,2,0,7,5,60,20,20,20,20,20,20,1,10,0,0,0,0,10,0,0,0,0,0,0,0,0x0,NoRank,NoRank,NoRank,NoRank,NoRank,NoRank,NoRank,NoRank,0x0,0x880ba51,0x880bea2,0x880c2b2,0x880c479,0x880c4ba,0x880c4fb,0x0,0x0
Civilian (F),0x305,0x351,0x72,0x0,0x61,0x1,0x61,0x0,10,0,1,0,1,1,5,5,60,20,20,20,20,20,20,1,10,0,0,0,0,10,0,0,0,0,0,0,0,0x0,NoRank,NoRank,NoRank,NoRank,NoRank,NoRank,NoRank,NoRank,0x0,0x880ba51,0x880bea2,0x880c2b2,0x880c479,0x880c4ba,0x880c4fb,0x0,0x0
Empty,0x0,0x0,0x73,0x0,0x62,0x1,0x1,0x0,10,0,0,0,0,0,8,5,60,20,20,20,20,20,20,1,10,0,0,0,0,10,0,0,0,0,0,0,0,0x0,NoRank,NoRank,NoRank,NoRank,NoRank,NoRank,NoRank,NoRank,0x0,0x880ba51,0x880bea2,0x880c2b2,0x880c479,0x880c4ba,0x880c4fb,0x0,0x0
Empty,0x307,0x353,0x74,0x0,0x63,0x1,0x1,0x0,10,0,0,0,0,0,5,5,60,20,20,20,20,20,20,1,10,0,0,0,0,10,0,0,0,0,0,0,0,0x0,NoRank,NoRank,NoRank,NoRank,NoRank,NoRank,NoRank,NoRank,0x0,0x880ba51,0x880bea2,0x880c2b2,0x880c479,0x880c4ba,0x880c4fb,0x0,0x0
Empty,0x0,0x0,0x75,0x0,0x64,0x1,0x1,0x0,10,0,0,0,0,0,7,5,60,20,20,20,20,20,20,1,10,0,0,0,0,10,0,0,0,0,0,0,0,0x0,NoRank,NoRank,NoRank,NoRank,NoRank,NoRank,NoRank,NoRank,0x0,0x880ba51,0x880bea2,0x880c2b2,0x880c479,0x880c4ba,0x880c4fb,0x0,0x0
Empty,0x307,0x353,0x76,0x0,0x65,0x1,0x1,0x0,10,0,0,0,0,0,6,5,60,20,20,20,20,20,20,1,10,0,0,0,0,10,0,0,0,0,0,0,0,0x0,NoRank,NoRank,NoRank,NoRank,NoRank,NoRank,NoRank,NoRank,0x0,0x880ba51,0x880bea2,0x880c2b2,0x880c479,0x880c4ba,0x880c4fb,0x0,0x0
Empty,0x0,0x0,0x77,0x0,0x66,0x0,0x0,0x0,0,0,0,0,0,0,0,0,0,0,0,0,0,0,0,0,0,0,0,0,0,0,0,0,0,0,0,0,0,0x0,NoRank,NoRank,NoRank,NoRank,NoRank,NoRank,NoRank,NoRank,0x0,0x0,0x0,0x0,0x880c479,0x880c4ba,0x880c4fb,0x0,0x0
Empty,0x0,0x0,0x78,0x0,0x67,0x1,0x1,0x0,10,0,0,0,0,0,25,5,60,20,20,20,20,20,20,1,10,0,0,0,0,10,0,0,0,0,0,0,0,0x0,NoRank,NoRank,NoRank,NoRank,NoRank,NoRank,NoRank,NoRank,0x0,0x880ba51,0x880bea2,0x880c2b2,0x880c479,0x880c4ba,0x880c4fb,0x0,0x0
Tent,0x0,0x0,0x79,0x0,0x68,0x1,0x1,0x0,15,0,3,3,3,0,25,0,60,20,20,20,20,20,25,1,10,0,0,0,0,10,0,0,0,0,0,0,0,CannotControl|IsSupply,NoRank,NoRank,NoRank,NoRank,NoRank,NoRank,NoRank,NoRank,0x0,0x880ba51,0x880bea2,0x880c2b2,0x880c479,0x880c4ba,0x880c4fb,0x0,0x0
Empty,0x306,0x352,0x7a,0x0,0x69,0x1,0x1,0x0,10,0,0,0,0,0,8,5,60,20,20,20,20,20,20,1,10,0,0,0,0,10,0,0,0,0,0,0,0,0x0,NoRank,NoRank,NoRank,NoRank,NoRank,NoRank,NoRank,NoRank,0x0,0x880ba51,0x880bea2,0x880c2b2,0x880c479,0x880c4ba,0x880c4fb,0x0,0x0
Empty,0x0,0x0,0x7b,0x0,0x6a,0x1,0x1,0x0,10,0,0,0,0,0,25,5,60,20,20,20,20,20,20,1,10,0,0,0,0,10,0,0,0,0,0,0,0,0x0,NoRank,NoRank,NoRank,NoRank,NoRank,NoRank,NoRank,NoRank,0x0,0x880ba51,0x880bea2,0x880c2b2,0x880c479,0x880c4ba,0x880c4fb,0x0,0x0
Empty,0x2f8,0x344,0x7c,0x9,0x4b,0x0,0x9f,0x0,40,8,5,6,13,0,16,5,80,29,29,28,30,25,25,3,95,30,35,25,24,25,10,0,0,0,0,0,0,IsPromoted,NoRank,NoRank,SRank,NoRank,NoRank,NoRank,NoRank,NoRank,0x88af6a4,0x880b8cb,0x880bd1c,0x880c12c,0x880c479,0x880c4ba,0x880c4fb,0x0,MonsterType
Empty,0x2f7,0x343,0x7d,0x58,0x4a,0x0,0x9e,0x0,36,8,5,5,9,4,15,6,80,30,28,26,26,22,25,3,85,45,25,20,21,17,10,0,0,0,0,0,0,UseMonsterWeapons|IsPromoted,NoRank,NoRank,NoRank,NoRank,NoRank,NoRank,NoRank,NoRank,0x88af6bc,0x880b94d,0x880bd9e,0x880c1ae,0x880c479,0x880c4ba,0x880c4fb,0x0,MonsterType
Empty,0x2d8,0x324,0x7e,0x38,0x2d,0x0,0x74,0x27,20,5,3,4,2,1,8,5,60,20,20,20,20,20,20,3,85,55,40,32,18,20,40,2,0,2,0,2,2,0x0,NoRank,NoRank,DRank,NoRank,NoRank,NoRank,NoRank,NoRank,0x88af6c8,0x880b8cb,0x880bd1c,0x880c12c,0x880c479,0x880c4ba,0x880c4fb,0x0,0x0
Empty,0x2d9,0x325,0x7f,0x39,0x2e,0x0,0x7c,0x29,17,2,3,3,3,3,5,5,60,20,20,20,20,20,20,3,55,55,40,35,10,30,40,2,1,1,0,2,2,0x0,NoRank,NoRank,NoRank,NoRank,NoRank,DRank,NoRank,NoRank,0x88af6e0,0x880ba10,0x880be61,0x880c271,0x880c479,0x880c4ba,0x880c4fb,0x0,0x0
